row_id,pressure,temperature,vibration,conductivity,contact_duration,material
1,19.87,31.31,4.9,4.954e-11,1.147,Fabric
2,249.81,27.27,2828.7,1.367e-12,0.124,Glass
3,63.28,30.24,31.6,1.69e-12,0.939,Rubber
4,145.14,30.68,385.0,9.152e-13,0.47,Plastic
5,235.49,29.28,840.2,6.787e-13,0.365,Plastic
6,29.66,32.61,13.6,8.19e-11,2.006,Fabric
7,243.4,30.68,1674.5,9.398e-09,0.377,Wood
8,280.98,29.65,1295.8,4.244e-11,0.259,Wood
9,213.71,30.11,619.6,1.238e-12,0.476,Plastic
10,212.8,29.71,3560.2,1.944e-12,0.122,Glass
11,267.59,25.91,2795.9,1.371e-12,0.126,Glass
12,177.12,28.93,2682.0,963500.0,0.179,Steel
13,34.47,32.59,23.8,1.491e-12,0.638,Fabric
14,233.26,29.74,1946.8,9.812e-13,0.182,Glass
15,280.75,28.11,2449.2,3.103e-12,0.2,Glass
16,26.08,31.63,20.3,1.1e-10,0.819,Fabric
17,287.08,28.16,2415.0,3.073e-12,0.127,Glass
18,236.06,29.5,2441.8,1.667e-09,0.206,Wood
19,242.01,24.05,2672.9,3432000.0,0.107,Steel
20,180.68,29.26,304.5,1.126e-12,0.682,Plastic
21,31.15,32.02,35.6,1.462e-12,0.718,Fabric
22,217.8,27.08,2009.9,539900.0,0.179,Steel
23,43.41,31.13,22.7,5.402e-10,1.44,Fabric
24,268.16,22.76,2543.1,3591000.0,0.152,Steel
25,58.63,28.56,32.2,4.599e-12,0.859,Rubber
26,25.92,31.63,14.0,1.066e-11,0.698,Fabric
27,208.89,27.03,3395.3,1.557e-12,0.161,Glass
28,271.31,22.7,2998.3,3673000.0,0.13,Steel
29,84.95,30.21,72.0,0.00189,0.471,Rubber
30,202.62,29.19,1777.7,6.477e-11,0.196,Wood
31,70.73,29.46,55.7,0.0005624,0.561,Rubber
32,30.59,29.46,16.6,2.235e-12,0.792,Rubber
33,168.18,29.87,648.2,2.242e-13,0.398,Plastic
34,245.94,28.23,1807.1,5.083e-11,0.288,Wood
35,147.78,30.21,598.5,1.771e-12,0.407,Plastic
36,191.69,31.25,1197.1,1.381e-09,0.298,Wood
37,63.76,28.78,41.4,0.0007412,0.529,Rubber
38,239.16,31.14,1988.7,4.986e-11,0.25,Wood
39,210.24,27.4,2323.2,8.671e-13,0.131,Glass
40,23.77,30.99,6.3,1.349e-11,2.374,Fabric
41,224.96,26.86,2335.4,1.536e-12,0.186,Glass
42,200.48,30.06,392.7,9.722e-13,0.359,Plastic
43,238.33,22.89,2704.3,1833000.0,0.121,Steel
44,43.3,31.01,13.8,1.448e-12,1.067,Rubber
45,153.79,31.45,1543.2,1.152e-12,0.26,Wood
46,192.98,29.89,544.6,1.873e-12,0.416,Plastic
47,41.05,32.09,14.3,3.324e-11,1.161,Fabric
48,187.73,29.41,457.0,1.203e-12,0.351,Plastic
49,247.04,21.78,2555.6,2681000.0,0.127,Steel
50,63.72,29.1,70.0,4.35e-12,0.817,Rubber
51,65.54,29.1,35.8,7.217e-12,0.793,Rubber
52,213.67,24.38,2043.8,284600.0,0.184,Steel
53,150.51,30.6,585.8,1.311e-12,0.427,Plastic
54,167.92,26.17,1999.3,728300.0,0.187,Steel
55,196.66,30.52,1540.3,1.795e-09,0.44,Wood
56,251.45,21.36,2912.8,2438000.0,0.117,Steel
57,24.82,32.54,11.6,1.961e-10,1.579,Fabric
58,223.08,30.48,2209.4,1.044e-12,0.239,Wood
59,51.72,30.59,31.8,1.105e-11,0.791,Rubber
60,195.66,28.3,2304.5,5.727e-13,0.167,Glass
