row_id,pressure,temperature,vibration,conductivity,contact_duration
1,227.18,29.54,2154.9,1.431e-11,0.242
2,67.58,28.23,31.9,1.41e-12,1.424
3,210.39,26.38,2307.7,9.503e-13,0.134
4,202.66,28.94,1585.2,2.211e-09,0.212
5,187.67,29.08,502.6,3.498e-13,0.311
6,212.19,27.2,2627.5,3.18e-12,0.097
7,49.71,29.72,35.9,0.0005601,0.786
8,248.42,27.53,2224.6,1.509e-12,0.144
9,327.62,19.41,2477.7,2313000.0,0.103
10,42.42,32.63,27.6,1.371e-12,0.819
11,159.29,30.27,362.1,1.029e-12,0.469
12,195.54,24.71,2589.7,1413000.0,0.123
13,243.7,21.11,2997.6,3558000.0,0.139
14,41.29,29.9,16.0,3.875e-05,0.853
15,204.75,21.65,2730.5,2104000.0,0.118
16,209.46,29.18,2373.9,4.85e-13,0.195
17,48.88,30.16,18.5,4.583e-12,0.613
18,28.76,32.48,10.3,2.312e-11,0.864
19,23.48,32.69,7.8,9.316e-10,0.954
20,161.55,30.23,729.0,5e-13,0.43
21,181.1,28.4,640.2,8.48e-13,0.209
22,216.99,30.59,1670.8,1.295e-09,0.221
23,286.51,30.32,1084.4,4.904e-13,0.376
24,43.15,32.1,27.2,1.319e-10,1.22
