Sample ID,Force,Temp (°F),imu,Resistivity,contact_time_ms,label
S-001,26.06,88.29,16.4,1.277e+11,950.0,fabric
S-002,191.0,76.86,2552.3,4.883e-07,129.0,steel
S-003,187.71,87.69,474.1,8.403e+11,402.0,plastic
S-004,,90.25,2.0,4.239e+10,1753.0,fabric
S-005,208.27,86.27,1737.9,2.392e+09,582.0,wood
S-006,28.13,90.07,23.0,1.425e+12,1130.0,fabric
S-007,186.22,83.43,2612.9,7.955e+11,372.0,wood
S-008,207.86,77.54,n/a,1.561e+12,168.0,steel
S-009,216.39,83.01,2357.1,1.685e+12,147.0,glass
S-010,165.34,79.39,2123.1,7.194e-07,164.0,steel
S-011,239.4,88.45,1642.5,4.352e+10,237.0,wood
S-012,162.54,warm,546.8,4.335e+11,411.0,plastic
S-013,196.88,85.57,411.2,5.144e+11,962.0,plastic
S-014,241.06,81.07,2817.8,7.806e+11,170.0,glass
S-015,52.59,82.44,26.3,1.476e+12,794.0,rubber
S-016,39.32,81.86,38.8,1.119e+12,528.0,unobtainium
S-017,234.82,82.53,2882.1,1.769e+12,158.0,glass
S-018,64.76,86.47,25.1,1.083e+12,1269.0,rubber
S-019,241.75,75.34,3918.2,6.313e-07,93.0,steel
S-020,260.87,81.0,2252.9,1.044e+12,127.0,glass
